Workbook

Sheet Inputs
A1: Math worksheet generator
A3: Inputs
A4: Maximum value for basic sheets | B4: 12
A5: Maximum value for advanced sheets | B5: 500
A6: To generate a new version of a sheet, select the sheet and press F9 to recalculate
A10: Sheet name codes:
A11: First letter is problem orientation: H for horizontal, V for vertical
A12: Second letter is level: B for basic problems, A for advanced
A13: Third is math skill

Sheet H-B-Add
A1: =ROUND(RAND()*Inputs!$B$4,0) -> 5 | B1: + | C1: =ROUND(RAND()*Inputs!$B$4,0) -> 11 | D1: = | G1: =ROUND(RAND()*Inputs!$B$4,0) -> 10 | H1: + | I1: =ROUND(RAND()*Inputs!$B$4,0) -> 6 | J1: =
A2: =ROUND(RAND()*Inputs!$B$4,0) -> 6 | B2: + | C2: =ROUND(RAND()*Inputs!$B$4,0) -> 1 | D2: = | G2: =ROUND(RAND()*Inputs!$B$4,0) -> 2 | H2: + | I2: =ROUND(RAND()*Inputs!$B$4,0) -> 4 | J2: =
A3: =ROUND(RAND()*Inputs!$B$4,0) -> 10 | B3: + | C3: =ROUND(RAND()*Inputs!$B$4,0) -> 8 | D3: = | G3: =ROUND(RAND()*Inputs!$B$4,0) -> 8 | H3: + | I3: =ROUND(RAND()*Inputs!$B$4,0) -> 7 | J3: =
A4: =ROUND(RAND()*Inputs!$B$4,0) -> 7 | B4: + | C4: =ROUND(RAND()*Inputs!$B$4,0) -> 7 | D4: = | G4: =ROUND(RAND()*Inputs!$B$4,0) -> 11 | H4: + | I4: =ROUND(RAND()*Inputs!$B$4,0) -> 4 | J4: =
A5: =ROUND(RAND()*Inputs!$B$4,0) -> 1 | B5: + | C5: =ROUND(RAND()*Inputs!$B$4,0) -> 2 | D5: = | G5: =ROUND(RAND()*Inputs!$B$4,0) -> 2 | H5: + | I5: =ROUND(RAND()*Inputs!$B$4,0) -> 8 | J5: =
A6: =ROUND(RAND()*Inputs!$B$4,0) -> 12 | B6: + | C6: =ROUND(RAND()*Inputs!$B$4,0) -> 12 | D6: = | G6: =ROUND(RAND()*Inputs!$B$4,0) -> 2 | H6: + | I6: =ROUND(RAND()*Inputs!$B$4,0) -> 2 | J6: =
A7: =ROUND(RAND()*Inputs!$B$4,0) -> 10 | B7: + | C7: =ROUND(RAND()*Inputs!$B$4,0) -> 3 | D7: = | G7: =ROUND(RAND()*Inputs!$B$4,0) -> 3 | H7: + | I7: =ROUND(RAND()*Inputs!$B$4,0) -> 12 | J7: =
A8: =ROUND(RAND()*Inputs!$B$4,0) -> 11 | B8: + | C8: =ROUND(RAND()*Inputs!$B$4,0) -> 11 | D8: = | G8: =ROUND(RAND()*Inputs!$B$4,0) -> 8 | H8: + | I8: =ROUND(RAND()*Inputs!$B$4,0) -> 12 | J8: =
A9: =ROUND(RAND()*Inputs!$B$4,0) -> 5 | B9: + | C9: =ROUND(RAND()*Inputs!$B$4,0) -> 2 | D9: = | G9: =ROUND(RAND()*Inputs!$B$4,0) -> 2 | H9: + | I9: =ROUND(RAND()*Inputs!$B$4,0) -> 8 | J9: =
A10: =ROUND(RAND()*Inputs!$B$4,0) -> 11 | B10: + | C10: =ROUND(RAND()*Inputs!$B$4,0) -> 5 | D10: = | G10: =ROUND(RAND()*Inputs!$B$4,0) -> 3 | H10: + | I10: =ROUND(RAND()*Inputs!$B$4,0) -> 9 | J10: =
A12: =ROUND(RAND()*Inputs!$B$4,0) -> 9 | B12: + | C12: =ROUND(RAND()*Inputs!$B$4,0) -> 7 | D12: = | G12: =ROUND(RAND()*Inputs!$B$4,0) -> 9 | H12: + | I12: =ROUND(RAND()*Inputs!$B$4,0) -> 3 | J12: =
A13: =ROUND(RAND()*Inputs!$B$4,0) -> 4 | B13: + | C13: =ROUND(RAND()*Inputs!$B$4,0) -> 11 | D13: = | G13: =ROUND(RAND()*Inputs!$B$4,0) -> 5 | H13: + | I13: =ROUND(RAND()*Inputs!$B$4,0) -> 1 | J13: =
... A32: =ROUND(RAND()*Inputs!$B$4,0) -> 4 | B32: + | C32: =ROUND(RAND()*Inputs!$B$4,0) -> 0 | D32: = | G32: =ROUND(RAND()*Inputs!$B$4,0) -> 3 | H32: + | I32: =ROUND(RAND()*Inputs!$B$4,0) -> 5 | J32: =

Sheet H-B-Mult
A1: =ROUND(RAND()*Inputs!$B$4,0) -> 7 | B1: x | C1: =ROUND(RAND()*Inputs!$B$4,0) -> 6 | D1: = | G1: =ROUND(RAND()*Inputs!$B$4,0) -> 9 | H1: x | I1: =ROUND(RAND()*Inputs!$B$4,0) -> 2 | J1: =
A2: =ROUND(RAND()*Inputs!$B$4,0) -> 1 | B2: x | C2: =ROUND(RAND()*Inputs!$B$4,0) -> 7 | D2: = | G2: =ROUND(RAND()*Inputs!$B$4,0) -> 4 | H2: x | I2: =ROUND(RAND()*Inputs!$B$4,0) -> 5 | J2: =
A3: =ROUND(RAND()*Inputs!$B$4,0) -> 11 | B3: x | C3: =ROUND(RAND()*Inputs!$B$4,0) -> 5 | D3: = | G3: =ROUND(RAND()*Inputs!$B$4,0) -> 7 | H3: x | I3: =ROUND(RAND()*Inputs!$B$4,0) -> 11 | J3: =
A4: =ROUND(RAND()*Inputs!$B$4,0) -> 10 | B4: x | C4: =ROUND(RAND()*Inputs!$B$4,0) -> 7 | D4: = | G4: =ROUND(RAND()*Inputs!$B$4,0) -> 1 | H4: x | I4: =ROUND(RAND()*Inputs!$B$4,0) -> 8 | J4: =
A5: =ROUND(RAND()*Inputs!$B$4,0) -> 12 | B5: x | C5: =ROUND(RAND()*Inputs!$B$4,0) -> 1 | D5: = | G5: =ROUND(RAND()*Inputs!$B$4,0) -> 1 | H5: x | I5: =ROUND(RAND()*Inputs!$B$4,0) -> 7 | J5: =
A6: =ROUND(RAND()*Inputs!$B$4,0) -> 7 | B6: x | C6: =ROUND(RAND()*Inputs!$B$4,0) -> 7 | D6: = | G6: =ROUND(RAND()*Inputs!$B$4,0) -> 6 | H6: x | I6: =ROUND(RAND()*Inputs!$B$4,0) -> 12 | J6: =
A7: =ROUND(RAND()*Inputs!$B$4,0) -> 3 | B7: x | C7: =ROUND(RAND()*Inputs!$B$4,0) -> 5 | D7: = | G7: =ROUND(RAND()*Inputs!$B$4,0) -> 9 | H7: x | I7: =ROUND(RAND()*Inputs!$B$4,0) -> 9 | J7: =
A8: =ROUND(RAND()*Inputs!$B$4,0) -> 12 | B8: x | C8: =ROUND(RAND()*Inputs!$B$4,0) -> 1 | D8: = | G8: =ROUND(RAND()*Inputs!$B$4,0) -> 4 | H8: x | I8: =ROUND(RAND()*Inputs!$B$4,0) -> 10 | J8: =
A9: =ROUND(RAND()*Inputs!$B$4,0) -> 1 | B9: x | C9: =ROUND(RAND()*Inputs!$B$4,0) -> 3 | D9: = | G9: =ROUND(RAND()*Inputs!$B$4,0) -> 1 | H9: x | I9: =ROUND(RAND()*Inputs!$B$4,0) -> 9 | J9: =
A10: =ROUND(RAND()*Inputs!$B$4,0) -> 4 | B10: x | C10: =ROUND(RAND()*Inputs!$B$4,0) -> 1 | D10: = | G10: =ROUND(RAND()*Inputs!$B$4,0) -> 6 | H10: x | I10: =ROUND(RAND()*Inputs!$B$4,0) -> 6 | J10: =
A12: =ROUND(RAND()*Inputs!$B$4,0) -> 7 | B12: x | C12: =ROUND(RAND()*Inputs!$B$4,0) -> 1 | D12: = | G12: =ROUND(RAND()*Inputs!$B$4,0) -> 7 | H12: x | I12: =ROUND(RAND()*Inputs!$B$4,0) -> 2 | J12: =
A13: =ROUND(RAND()*Inputs!$B$4,0) -> 11 | B13: x | C13: =ROUND(RAND()*Inputs!$B$4,0) -> 7 | D13: = | G13: =ROUND(RAND()*Inputs!$B$4,0) -> 11 | H13: x | I13: =ROUND(RAND()*Inputs!$B$4,0) -> 2 | J13: =
... A32: =ROUND(RAND()*Inputs!$B$4,0) -> 5 | B32: x | C32: =ROUND(RAND()*Inputs!$B$4,0) -> 9 | D32: = | G32: =ROUND(RAND()*Inputs!$B$4,0) -> 2 | H32: x | I32: =ROUND(RAND()*Inputs!$B$4,0) -> 11 | J32: =

Sheet H-B-Subtr
A1: =ROUND(RAND()*Inputs!$B$4+Inputs!$B$4,0) -> 17 | B1: - | C1: =ROUND(RAND()*Inputs!$B$4,0) -> 5 | D1: = | G1: =ROUND(RAND()*Inputs!$B$4+Inputs!$B$4,0) -> 14 | H1: - | I1: =ROUND(RAND()*Inputs!$B$4,0) -> 6 | J1: =
A2: =ROUND(RAND()*Inputs!$B$4+Inputs!$B$4,0) -> 17 | B2: - | C2: =ROUND(RAND()*Inputs!$B$4,0) -> 6 | D2: = | G2: =ROUND(RAND()*Inputs!$B$4+Inputs!$B$4,0) -> 18 | H2: - | I2: =ROUND(RAND()*Inputs!$B$4,0) -> 4 | J2: =
A3: =ROUND(RAND()*Inputs!$B$4+Inputs!$B$4,0) -> 22 | B3: - | C3: =ROUND(RAND()*Inputs!$B$4,0) -> 10 | D3: = | G3: =ROUND(RAND()*Inputs!$B$4+Inputs!$B$4,0) -> 19 | H3: - | I3: =ROUND(RAND()*Inputs!$B$4,0) -> 11 | J3: =
A4: =ROUND(RAND()*Inputs!$B$4+Inputs!$B$4,0) -> 20 | B4: - | C4: =ROUND(RAND()*Inputs!$B$4,0) -> 8 | D4: = | G4: =ROUND(RAND()*Inputs!$B$4+Inputs!$B$4,0) -> 17 | H4: - | I4: =ROUND(RAND()*Inputs!$B$4,0) -> 4 | J4: =
A5: =ROUND(RAND()*Inputs!$B$4+Inputs!$B$4,0) -> 19 | B5: - | C5: =ROUND(RAND()*Inputs!$B$4,0) -> 7 | D5: = | G5: =ROUND(RAND()*Inputs!$B$4+Inputs!$B$4,0) -> 15 | H5: - | I5: =ROUND(RAND()*Inputs!$B$4,0) -> 6 | J5: =
A6: =ROUND(RAND()*Inputs!$B$4+Inputs!$B$4,0) -> 14 | B6: - | C6: =ROUND(RAND()*Inputs!$B$4,0) -> 1 | D6: = | G6: =ROUND(RAND()*Inputs!$B$4+Inputs!$B$4,0) -> 19 | H6: - | I6: =ROUND(RAND()*Inputs!$B$4,0) -> 9 | J6: =
A7: =ROUND(RAND()*Inputs!$B$4+Inputs!$B$4,0) -> 13 | B7: - | C7: =ROUND(RAND()*Inputs!$B$4,0) -> 2 | D7: = | G7: =ROUND(RAND()*Inputs!$B$4+Inputs!$B$4,0) -> 15 | H7: - | I7: =ROUND(RAND()*Inputs!$B$4,0) -> 12 | J7: =
A8: =ROUND(RAND()*Inputs!$B$4+Inputs!$B$4,0) -> 18 | B8: - | C8: =ROUND(RAND()*Inputs!$B$4,0) -> 8 | D8: = | G8: =ROUND(RAND()*Inputs!$B$4+Inputs!$B$4,0) -> 15 | H8: - | I8: =ROUND(RAND()*Inputs!$B$4,0) -> 7 | J8: =
A9: =ROUND(RAND()*Inputs!$B$4+Inputs!$B$4,0) -> 19 | B9: - | C9: =ROUND(RAND()*Inputs!$B$4,0) -> 10 | D9: = | G9: =ROUND(RAND()*Inputs!$B$4+Inputs!$B$4,0) -> 15 | H9: - | I9: =ROUND(RAND()*Inputs!$B$4,0) -> 6 | J9: =
A10: =ROUND(RAND()*Inputs!$B$4+Inputs!$B$4,0) -> 17 | B10: - | C10: =ROUND(RAND()*Inputs!$B$4,0) -> 8 | D10: = | G10: =ROUND(RAND()*Inputs!$B$4+Inputs!$B$4,0) -> 19 | H10: - | I10: =ROUND(RAND()*Inputs!$B$4,0) -> 9 | J10: =
A12: =ROUND(RAND()*Inputs!$B$4+Inputs!$B$4,0) -> 22 | B12: - | C12: =ROUND(RAND()*Inputs!$B$4,0) -> 3 | D12: = | G12: =ROUND(RAND()*Inputs!$B$4+Inputs!$B$4,0) -> 23 | H12: - | I12: =ROUND(RAND()*Inputs!$B$4,0) -> 5 | J12: =
A13: =ROUND(RAND()*Inputs!$B$4+Inputs!$B$4,0) -> 17 | B13: - | C13: =ROUND(RAND()*Inputs!$B$4,0) -> 3 | D13: = | G13: =ROUND(RAND()*Inputs!$B$4+Inputs!$B$4,0) -> 16 | H13: - | I13: =ROUND(RAND()*Inputs!$B$4,0) -> 9 | J13: =
... A32: =ROUND(RAND()*Inputs!$B$4+Inputs!$B$4,0) -> 23 | B32: - | C32: =ROUND(RAND()*Inputs!$B$4,0) -> 5 | D32: = | G32: =ROUND(RAND()*Inputs!$B$4+Inputs!$B$4,0) -> 21 | H32: - | I32: =ROUND(RAND()*Inputs!$B$4,0) -> 11 | J32: =

Sheet H-B-Div
A1: =E1*C1 -> 28 | B1: / | C1: =ROUND(RAND()*Inputs!$B$4,0) -> 4 | D1: = | E1: =ROUND(RAND()*Inputs!$B$4,0) -> 7 | G1: =K1*I1 -> 8 | H1: / | I1: =ROUND(RAND()*Inputs!$B$4,0) -> 1 | J1: = | K1: =ROUND(RAND()*Inputs!$B$4,0) -> 8
A2: =E2*C2 -> 88 | B2: / | C2: =ROUND(RAND()*Inputs!$B$4,0) -> 8 | D2: = | E2: =ROUND(RAND()*Inputs!$B$4,0) -> 11 | G2: =K2*I2 -> 70 | H2: / | I2: =ROUND(RAND()*Inputs!$B$4,0) -> 7 | J2: = | K2: =ROUND(RAND()*Inputs!$B$4,0) -> 10
A3: =E3*C3 -> 18 | B3: / | C3: =ROUND(RAND()*Inputs!$B$4,0) -> 9 | D3: = | E3: =ROUND(RAND()*Inputs!$B$4,0) -> 2 | G3: =K3*I3 -> 24 | H3: / | I3: =ROUND(RAND()*Inputs!$B$4,0) -> 2 | J3: = | K3: =ROUND(RAND()*Inputs!$B$4,0) -> 12
A4: =E4*C4 -> 28 | B4: / | C4: =ROUND(RAND()*Inputs!$B$4,0) -> 7 | D4: = | E4: =ROUND(RAND()*Inputs!$B$4,0) -> 4 | G4: =K4*I4 -> 24 | H4: / | I4: =ROUND(RAND()*Inputs!$B$4,0) -> 3 | J4: = | K4: =ROUND(RAND()*Inputs!$B$4,0) -> 8
A5: =E5*C5 -> 48 | B5: / | C5: =ROUND(RAND()*Inputs!$B$4,0) -> 8 | D5: = | E5: =ROUND(RAND()*Inputs!$B$4,0) -> 6 | G5: =K5*I5 -> 30 | H5: / | I5: =ROUND(RAND()*Inputs!$B$4,0) -> 10 | J5: = | K5: =ROUND(RAND()*Inputs!$B$4,0) -> 3
A6: =E6*C6 -> 70 | B6: / | C6: =ROUND(RAND()*Inputs!$B$4,0) -> 10 | D6: = | E6: =ROUND(RAND()*Inputs!$B$4,0) -> 7 | G6: =K6*I6 -> 56 | H6: / | I6: =ROUND(RAND()*Inputs!$B$4,0) -> 7 | J6: = | K6: =ROUND(RAND()*Inputs!$B$4,0) -> 8
A7: =E7*C7 -> 66 | B7: / | C7: =ROUND(RAND()*Inputs!$B$4,0) -> 6 | D7: = | E7: =ROUND(RAND()*Inputs!$B$4,0) -> 11 | G7: =K7*I7 -> 54 | H7: / | I7: =ROUND(RAND()*Inputs!$B$4,0) -> 9 | J7: = | K7: =ROUND(RAND()*Inputs!$B$4,0) -> 6
A8: =E8*C8 -> 99 | B8: / | C8: =ROUND(RAND()*Inputs!$B$4,0) -> 9 | D8: = | E8: =ROUND(RAND()*Inputs!$B$4,0) -> 11 | G8: =K8*I8 -> 35 | H8: / | I8: =ROUND(RAND()*Inputs!$B$4,0) -> 7 | J8: = | K8: =ROUND(RAND()*Inputs!$B$4,0) -> 5
A9: =E9*C9 -> 24 | B9: / | C9: =ROUND(RAND()*Inputs!$B$4,0) -> 6 | D9: = | E9: =ROUND(RAND()*Inputs!$B$4,0) -> 4 | G9: =K9*I9 -> 24 | H9: / | I9: =ROUND(RAND()*Inputs!$B$4,0) -> 12 | J9: = | K9: =ROUND(RAND()*Inputs!$B$4,0) -> 2
A10: =E10*C10 -> 72 | B10: / | C10: =ROUND(RAND()*Inputs!$B$4,0) -> 8 | D10: = | E10: =ROUND(RAND()*Inputs!$B$4,0) -> 9 | G10: =K10*I10 -> 33 | H10: / | I10: =ROUND(RAND()*Inputs!$B$4,0) -> 3 | J10: = | K10: =ROUND(RAND()*Inputs!$B$4,0) -> 11
A12: =E12*C12 -> 60 | B12: / | C12: =ROUND(RAND()*Inputs!$B$4,0) -> 5 | D12: = | E12: =ROUND(RAND()*Inputs!$B$4,0) -> 12 | G12: =K12*I12 -> 24 | H12: / | I12: =ROUND(RAND()*Inputs!$B$4,0) -> 6 | J12: = | K12: =ROUND(RAND()*Inputs!$B$4,0) -> 4
A13: =E13*C13 -> 10 | B13: / | C13: =ROUND(RAND()*Inputs!$B$4,0) -> 1 | D13: = | E13: =ROUND(RAND()*Inputs!$B$4,0) -> 10 | G13: =K13*I13 -> 100 | H13: / | I13: =ROUND(RAND()*Inputs!$B$4,0) -> 10 | J13: = | K13: =ROUND(RAND()*Inputs!$B$4,0) -> 10
... A32: =E32*C32 -> 132 | B32: / | C32: =ROUND(RAND()*Inputs!$B$4,0) -> 11 | D32: = | E32: =ROUND(RAND()*Inputs!$B$4,0) -> 12 | G32: =K32*I32 -> 45 | H32: / | I32: =ROUND(RAND()*Inputs!$B$4,0) -> 9 | J32: = | K32: =ROUND(RAND()*Inputs!$B$4,0) -> 5

Sheet V-B-Add
B1: =ROUND(RAND()*Inputs!$B$4,0) -> 10 | E1: =ROUND(RAND()*Inputs!$B$4,0) -> 8 | H1: =ROUND(RAND()*Inputs!$B$4,0) -> 10 | K1: =ROUND(RAND()*Inputs!$B$4,0) -> 0 | N1: =ROUND(RAND()*Inputs!$B$4,0) -> 11
A2: + | B2: =ROUND(RAND()*Inputs!$B$4,0) -> 1 | D2: + | E2: =ROUND(RAND()*Inputs!$B$4,0) -> 10 | G2: + | H2: =ROUND(RAND()*Inputs!$B$4,0) -> 9 | J2: + | K2: =ROUND(RAND()*Inputs!$B$4,0) -> 4 | M2: + | N2: =ROUND(RAND()*Inputs!$B$4,0) -> 11
B5: =ROUND(RAND()*Inputs!$B$4,0) -> 6 | E5: =ROUND(RAND()*Inputs!$B$4,0) -> 2 | H5: =ROUND(RAND()*Inputs!$B$4,0) -> 9 | K5: =ROUND(RAND()*Inputs!$B$4,0) -> 8 | N5: =ROUND(RAND()*Inputs!$B$4,0) -> 5
A6: + | B6: =ROUND(RAND()*Inputs!$B$4,0) -> 4 | D6: + | E6: =ROUND(RAND()*Inputs!$B$4,0) -> 4 | G6: + | H6: =ROUND(RAND()*Inputs!$B$4,0) -> 5 | J6: + | K6: =ROUND(RAND()*Inputs!$B$4,0) -> 11 | M6: + | N6: =ROUND(RAND()*Inputs!$B$4,0) -> 9
B9: =ROUND(RAND()*Inputs!$B$4,0) -> 10 | E9: =ROUND(RAND()*Inputs!$B$4,0) -> 8 | H9: =ROUND(RAND()*Inputs!$B$4,0) -> 5 | K9: =ROUND(RAND()*Inputs!$B$4,0) -> 8 | N9: =ROUND(RAND()*Inputs!$B$4,0) -> 11
A10: + | B10: =ROUND(RAND()*Inputs!$B$4,0) -> 4 | D10: + | E10: =ROUND(RAND()*Inputs!$B$4,0) -> 11 | G10: + | H10: =ROUND(RAND()*Inputs!$B$4,0) -> 2 | J10: + | K10: =ROUND(RAND()*Inputs!$B$4,0) -> 8 | M10: + | N10: =ROUND(RAND()*Inputs!$B$4,0) -> 0
B13: =ROUND(RAND()*Inputs!$B$4,0) -> 10 | E13: =ROUND(RAND()*Inputs!$B$4,0) -> 9 | H13: =ROUND(RAND()*Inputs!$B$4,0) -> 11 | K13: =ROUND(RAND()*Inputs!$B$4,0) -> 1 | N13: =ROUND(RAND()*Inputs!$B$4,0) -> 8
A14: + | B14: =ROUND(RAND()*Inputs!$B$4,0) -> 5 | D14: + | E14: =ROUND(RAND()*Inputs!$B$4,0) -> 0 | G14: + | H14: =ROUND(RAND()*Inputs!$B$4,0) -> 2 | J14: + | K14: =ROUND(RAND()*Inputs!$B$4,0) -> 7 | M14: + | N14: =ROUND(RAND()*Inputs!$B$4,0) -> 5
B17: =ROUND(RAND()*Inputs!$B$4,0) -> 12 | E17: =ROUND(RAND()*Inputs!$B$4,0) -> 6 | H17: =ROUND(RAND()*Inputs!$B$4,0) -> 1 | K17: =ROUND(RAND()*Inputs!$B$4,0) -> 11 | N17: =ROUND(RAND()*Inputs!$B$4,0) -> 0
A18: + | B18: =ROUND(RAND()*Inputs!$B$4,0) -> 5 | D18: + | E18: =ROUND(RAND()*Inputs!$B$4,0) -> 11 | G18: + | H18: =ROUND(RAND()*Inputs!$B$4,0) -> 8 | J18: + | K18: =ROUND(RAND()*Inputs!$B$4,0) -> 8 | M18: + | N18: =ROUND(RAND()*Inputs!$B$4,0) -> 11
B21: =ROUND(RAND()*Inputs!$B$4,0) -> 3 | E21: =ROUND(RAND()*Inputs!$B$4,0) -> 8 | H21: =ROUND(RAND()*Inputs!$B$4,0) -> 5 | K21: =ROUND(RAND()*Inputs!$B$4,0) -> 10 | N21: =ROUND(RAND()*Inputs!$B$4,0) -> 0
A22: + | B22: =ROUND(RAND()*Inputs!$B$4,0) -> 8 | D22: + | E22: =ROUND(RAND()*Inputs!$B$4,0) -> 10 | G22: + | H22: =ROUND(RAND()*Inputs!$B$4,0) -> 9 | J22: + | K22: =ROUND(RAND()*Inputs!$B$4,0) -> 10 | M22: + | N22: =ROUND(RAND()*Inputs!$B$4,0) -> 9
B25: =ROUND(RAND()*Inputs!$B$4,0) -> 7 | E25: =ROUND(RAND()*Inputs!$B$4,0) -> 4 | H25: =ROUND(RAND()*Inputs!$B$4,0) -> 10 | K25: =ROUND(RAND()*Inputs!$B$4,0) -> 2 | N25: =ROUND(RAND()*Inputs!$B$4,0) -> 4
A26: + | B26: =ROUND(RAND()*Inputs!$B$4,0) -> 5 | D26: + | E26: =ROUND(RAND()*Inputs!$B$4,0) -> 6 | G26: + | H26: =ROUND(RAND()*Inputs!$B$4,0) -> 5 | J26: + | K26: =ROUND(RAND()*Inputs!$B$4,0) -> 2 | M26: + | N26: =ROUND(RAND()*Inputs!$B$4,0) -> 2
B29: =ROUND(RAND()*Inputs!$B$4,0) -> 10 | E29: =ROUND(RAND()*Inputs!$B$4,0) -> 11 | H29: =ROUND(RAND()*Inputs!$B$4,0) -> 5 | K29: =ROUND(RAND()*Inputs!$B$4,0) -> 9 | N29: =ROUND(RAND()*Inputs!$B$4,0) -> 7
A30: + | B30: =ROUND(RAND()*Inputs!$B$4,0) -> 12 | D30: + | E30: =ROUND(RAND()*Inputs!$B$4,0) -> 5 | G30: + | H30: =ROUND(RAND()*Inputs!$B$4,0) -> 3 | J30: + | K30: =ROUND(RAND()*Inputs!$B$4,0) -> 2 | M30: + | N30: =ROUND(RAND()*Inputs!$B$4,0) -> 2

Sheet V-B-Mult
B1: =ROUND(RAND()*Inputs!$B$4,0) -> 5 | E1: =ROUND(RAND()*Inputs!$B$4,0) -> 11 | H1: =ROUND(RAND()*Inputs!$B$4,0) -> 0 | K1: =ROUND(RAND()*Inputs!$B$4,0) -> 4 | N1: =ROUND(RAND()*Inputs!$B$4,0) -> 1
A2: x | B2: =ROUND(RAND()*Inputs!$B$4,0) -> 0 | D2: x | E2: =ROUND(RAND()*Inputs!$B$4,0) -> 10 | G2: x | H2: =ROUND(RAND()*Inputs!$B$4,0) -> 3 | J2: x | K2: =ROUND(RAND()*Inputs!$B$4,0) -> 0 | M2: x | N2: =ROUND(RAND()*Inputs!$B$4,0) -> 3
B5: =ROUND(RAND()*Inputs!$B$4,0) -> 3 | E5: =ROUND(RAND()*Inputs!$B$4,0) -> 1 | H5: =ROUND(RAND()*Inputs!$B$4,0) -> 11 | K5: =ROUND(RAND()*Inputs!$B$4,0) -> 5 | N5: =ROUND(RAND()*Inputs!$B$4,0) -> 2
A6: x | B6: =ROUND(RAND()*Inputs!$B$4,0) -> 9 | D6: x | E6: =ROUND(RAND()*Inputs!$B$4,0) -> 6 | G6: x | H6: =ROUND(RAND()*Inputs!$B$4,0) -> 5 | J6: x | K6: =ROUND(RAND()*Inputs!$B$4,0) -> 5 | M6: x | N6: =ROUND(RAND()*Inputs!$B$4,0) -> 5
B9: =ROUND(RAND()*Inputs!$B$4,0) -> 7 | E9: =ROUND(RAND()*Inputs!$B$4,0) -> 3 | H9: =ROUND(RAND()*Inputs!$B$4,0) -> 9 | K9: =ROUND(RAND()*Inputs!$B$4,0) -> 10 | N9: =ROUND(RAND()*Inputs!$B$4,0) -> 3
A10: x | B10: =ROUND(RAND()*Inputs!$B$4,0) -> 6 | D10: x | E10: =ROUND(RAND()*Inputs!$B$4,0) -> 2 | G10: x | H10: =ROUND(RAND()*Inputs!$B$4,0) -> 1 | J10: x | K10: =ROUND(RAND()*Inputs!$B$4,0) -> 11 | M10: x | N10: =ROUND(RAND()*Inputs!$B$4,0) -> 0
B13: =ROUND(RAND()*Inputs!$B$4,0) -> 2 | E13: =ROUND(RAND()*Inputs!$B$4,0) -> 0 | H13: =ROUND(RAND()*Inputs!$B$4,0) -> 3 | K13: =ROUND(RAND()*Inputs!$B$4,0) -> 5 | N13: =ROUND(RAND()*Inputs!$B$4,0) -> 4
A14: x | B14: =ROUND(RAND()*Inputs!$B$4,0) -> 3 | D14: x | E14: =ROUND(RAND()*Inputs!$B$4,0) -> 11 | G14: x | H14: =ROUND(RAND()*Inputs!$B$4,0) -> 5 | J14: x | K14: =ROUND(RAND()*Inputs!$B$4,0) -> 11 | M14: x | N14: =ROUND(RAND()*Inputs!$B$4,0) -> 10
B17: =ROUND(RAND()*Inputs!$B$4,0) -> 4 | E17: =ROUND(RAND()*Inputs!$B$4,0) -> 2 | H17: =ROUND(RAND()*Inputs!$B$4,0) -> 12 | K17: =ROUND(RAND()*Inputs!$B$4,0) -> 4 | N17: =ROUND(RAND()*Inputs!$B$4,0) -> 5
A18: x | B18: =ROUND(RAND()*Inputs!$B$4,0) -> 6 | D18: x | E18: =ROUND(RAND()*Inputs!$B$4,0) -> 7 | G18: x | H18: =ROUND(RAND()*Inputs!$B$4,0) -> 2 | J18: x | K18: =ROUND(RAND()*Inputs!$B$4,0) -> 3 | M18: x | N18: =ROUND(RAND()*Inputs!$B$4,0) -> 6
B21: =ROUND(RAND()*Inputs!$B$4,0) -> 3 | E21: =ROUND(RAND()*Inputs!$B$4,0) -> 3 | H21: =ROUND(RAND()*Inputs!$B$4,0) -> 3 | K21: =ROUND(RAND()*Inputs!$B$4,0) -> 4 | N21: =ROUND(RAND()*Inputs!$B$4,0) -> 0
A22: x | B22: =ROUND(RAND()*Inputs!$B$4,0) -> 10 | D22: x | E22: =ROUND(RAND()*Inputs!$B$4,0) -> 3 | G22: x | H22: =ROUND(RAND()*Inputs!$B$4,0) -> 11 | J22: x | K22: =ROUND(RAND()*Inputs!$B$4,0) -> 3 | M22: x | N22: =ROUND(RAND()*Inputs!$B$4,0) -> 9
B25: =ROUND(RAND()*Inputs!$B$4,0) -> 2 | E25: =ROUND(RAND()*Inputs!$B$4,0) -> 10 | H25: =ROUND(RAND()*Inputs!$B$4,0) -> 10 | K25: =ROUND(RAND()*Inputs!$B$4,0) -> 7 | N25: =ROUND(RAND()*Inputs!$B$4,0) -> 12
A26: x | B26: =ROUND(RAND()*Inputs!$B$4,0) -> 4 | D26: x | E26: =ROUND(RAND()*Inputs!$B$4,0) -> 9 | G26: x | H26: =ROUND(RAND()*Inputs!$B$4,0) -> 7 | J26: x | K26: =ROUND(RAND()*Inputs!$B$4,0) -> 8 | M26: x | N26: =ROUND(RAND()*Inputs!$B$4,0) -> 11
B29: =ROUND(RAND()*Inputs!$B$4,0) -> 4 | E29: =ROUND(RAND()*Inputs!$B$4,0) -> 3 | H29: =ROUND(RAND()*Inputs!$B$4,0) -> 2 | K29: =ROUND(RAND()*Inputs!$B$4,0) -> 5 | N29: =ROUND(RAND()*Inputs!$B$4,0) -> 0
A30: x | B30: =ROUND(RAND()*Inputs!$B$4,0) -> 6 | D30: x | E30: =ROUND(RAND()*Inputs!$B$4,0) -> 5 | G30: x | H30: =ROUND(RAND()*Inputs!$B$4,0) -> 10 | J30: x | K30: =ROUND(RAND()*Inputs!$B$4,0) -> 0 | M30: x | N30: =ROUND(RAND()*Inputs!$B$4,0) -> 11

Sheet V-B-Subtr
B1: =ROUND(RAND()*Inputs!$B$4+Inputs!$B$4,0) -> 12 | E1: =ROUND(RAND()*Inputs!$B$4+Inputs!$B$4,0) -> 21 | H1: =ROUND(RAND()*Inputs!$B$4+Inputs!$B$4,0) -> 16 | K1: =ROUND(RAND()*Inputs!$B$4+Inputs!$B$4,0) -> 20 | N1: =ROUND(RAND()*Inputs!$B$4+Inputs!$B$4,0) -> 17
A2: - | B2: =ROUND(RAND()*Inputs!$B$4,0) -> 4 | D2: - | E2: =ROUND(RAND()*Inputs!$B$4,0) -> 9 | G2: - | H2: =ROUND(RAND()*Inputs!$B$4,0) -> 10 | J2: - | K2: =ROUND(RAND()*Inputs!$B$4,0) -> 12 | M2: - | N2: =ROUND(RAND()*Inputs!$B$4,0) -> 12
B5: =ROUND(RAND()*Inputs!$B$4+Inputs!$B$4,0) -> 24 | E5: =ROUND(RAND()*Inputs!$B$4+Inputs!$B$4,0) -> 20 | H5: =ROUND(RAND()*Inputs!$B$4+Inputs!$B$4,0) -> 13 | K5: =ROUND(RAND()*Inputs!$B$4+Inputs!$B$4,0) -> 12 | N5: =ROUND(RAND()*Inputs!$B$4+Inputs!$B$4,0) -> 19
A6: - | B6: =ROUND(RAND()*Inputs!$B$4,0) -> 8 | D6: - | E6: =ROUND(RAND()*Inputs!$B$4,0) -> 11 | G6: - | H6: =ROUND(RAND()*Inputs!$B$4,0) -> 0 | J6: - | K6: =ROUND(RAND()*Inputs!$B$4,0) -> 4 | M6: - | N6: =ROUND(RAND()*Inputs!$B$4,0) -> 6
B9: =ROUND(RAND()*Inputs!$B$4+Inputs!$B$4,0) -> 13 | E9: =ROUND(RAND()*Inputs!$B$4+Inputs!$B$4,0) -> 20 | H9: =ROUND(RAND()*Inputs!$B$4+Inputs!$B$4,0) -> 15 | K9: =ROUND(RAND()*Inputs!$B$4+Inputs!$B$4,0) -> 22 | N9: =ROUND(RAND()*Inputs!$B$4+Inputs!$B$4,0) -> 13
A10: - | B10: =ROUND(RAND()*Inputs!$B$4,0) -> 2 | D10: - | E10: =ROUND(RAND()*Inputs!$B$4,0) -> 10 | G10: - | H10: =ROUND(RAND()*Inputs!$B$4,0) -> 7 | J10: - | K10: =ROUND(RAND()*Inputs!$B$4,0) -> 7 | M10: - | N10: =ROUND(RAND()*Inputs!$B$4,0) -> 6
B13: =ROUND(RAND()*Inputs!$B$4+Inputs!$B$4,0) -> 22 | E13: =ROUND(RAND()*Inputs!$B$4+Inputs!$B$4,0) -> 22 | H13: =ROUND(RAND()*Inputs!$B$4+Inputs!$B$4,0) -> 21 | K13: =ROUND(RAND()*Inputs!$B$4+Inputs!$B$4,0) -> 17 | N13: =ROUND(RAND()*Inputs!$B$4+Inputs!$B$4,0) -> 20
A14: - | B14: =ROUND(RAND()*Inputs!$B$4,0) -> 5 | D14: - | E14: =ROUND(RAND()*Inputs!$B$4,0) -> 11 | G14: - | H14: =ROUND(RAND()*Inputs!$B$4,0) -> 3 | J14: - | K14: =ROUND(RAND()*Inputs!$B$4,0) -> 6 | M14: - | N14: =ROUND(RAND()*Inputs!$B$4,0) -> 12
B17: =ROUND(RAND()*Inputs!$B$4+Inputs!$B$4,0) -> 13 | E17: =ROUND(RAND()*Inputs!$B$4+Inputs!$B$4,0) -> 18 | H17: =ROUND(RAND()*Inputs!$B$4+Inputs!$B$4,0) -> 18 | K17: =ROUND(RAND()*Inputs!$B$4+Inputs!$B$4,0) -> 17 | N17: =ROUND(RAND()*Inputs!$B$4+Inputs!$B$4,0) -> 21
A18: - | B18: =ROUND(RAND()*Inputs!$B$4,0) -> 10 | D18: - | E18: =ROUND(RAND()*Inputs!$B$4,0) -> 9 | G18: - | H18: =ROUND(RAND()*Inputs!$B$4,0) -> 6 | J18: - | K18: =ROUND(RAND()*Inputs!$B$4,0) -> 8 | M18: - | N18: =ROUND(RAND()*Inputs!$B$4,0) -> 3
B21: =ROUND(RAND()*Inputs!$B$4+Inputs!$B$4,0) -> 23 | E21: =ROUND(RAND()*Inputs!$B$4+Inputs!$B$4,0) -> 20 | H21: =ROUND(RAND()*Inputs!$B$4+Inputs!$B$4,0) -> 13 | K21: =ROUND(RAND()*Inputs!$B$4+Inputs!$B$4,0) -> 14 | N21: =ROUND(RAND()*Inputs!$B$4+Inputs!$B$4,0) -> 23
A22: - | B22: =ROUND(RAND()*Inputs!$B$4,0) -> 10 | D22: - | E22: =ROUND(RAND()*Inputs!$B$4,0) -> 9 | G22: - | H22: =ROUND(RAND()*Inputs!$B$4,0) -> 2 | J22: - | K22: =ROUND(RAND()*Inputs!$B$4,0) -> 9 | M22: - | N22: =ROUND(RAND()*Inputs!$B$4,0) -> 9
B25: =ROUND(RAND()*Inputs!$B$4+Inputs!$B$4,0) -> 16 | E25: =ROUND(RAND()*Inputs!$B$4+Inputs!$B$4,0) -> 12 | H25: =ROUND(RAND()*Inputs!$B$4+Inputs!$B$4,0) -> 22 | K25: =ROUND(RAND()*Inputs!$B$4+Inputs!$B$4,0) -> 19 | N25: =ROUND(RAND()*Inputs!$B$4+Inputs!$B$4,0) -> 14
A26: - | B26: =ROUND(RAND()*Inputs!$B$4,0) -> 6 | D26: - | E26: =ROUND(RAND()*Inputs!$B$4,0) -> 8 | G26: - | H26: =ROUND(RAND()*Inputs!$B$4,0) -> 7 | J26: - | K26: =ROUND(RAND()*Inputs!$B$4,0) -> 12 | M26: - | N26: =ROUND(RAND()*Inputs!$B$4,0) -> 2
B29: =ROUND(RAND()*Inputs!$B$4+Inputs!$B$4,0) -> 24 | E29: =ROUND(RAND()*Inputs!$B$4+Inputs!$B$4,0) -> 14 | H29: =ROUND(RAND()*Inputs!$B$4+Inputs!$B$4,0) -> 14 | K29: =ROUND(RAND()*Inputs!$B$4+Inputs!$B$4,0) -> 16 | N29: =ROUND(RAND()*Inputs!$B$4+Inputs!$B$4,0) -> 18
A30: - | B30: =ROUND(RAND()*Inputs!$B$4,0) -> 9 | D30: - | E30: =ROUND(RAND()*Inputs!$B$4,0) -> 2 | G30: - | H30: =ROUND(RAND()*Inputs!$B$4,0) -> 4 | J30: - | K30: =ROUND(RAND()*Inputs!$B$4,0) -> 6 | M30: - | N30: =ROUND(RAND()*Inputs!$B$4,0) -> 3

Sheet V-A-Add3
B1: =ROUND(RAND()*Inputs!$B$5,0) -> 289 | E1: =ROUND(RAND()*Inputs!$B$5,0) -> 357 | H1: =ROUND(RAND()*Inputs!$B$5,0) -> 398 | K1: =ROUND(RAND()*Inputs!$B$5,0) -> 287 | N1: =ROUND(RAND()*Inputs!$B$5,0) -> 107
B2: =ROUND(RAND()*Inputs!$B$5,0) -> 185 | E2: =ROUND(RAND()*Inputs!$B$5,0) -> 459 | H2: =ROUND(RAND()*Inputs!$B$5,0) -> 456 | K2: =ROUND(RAND()*Inputs!$B$5,0) -> 291 | N2: =ROUND(RAND()*Inputs!$B$5,0) -> 192
A3: + | B3: =ROUND(RAND()*Inputs!$B$5,0) -> 100 | D3: + | E3: =ROUND(RAND()*Inputs!$B$5,0) -> 254 | G3: + | H3: =ROUND(RAND()*Inputs!$B$5,0) -> 282 | J3: + | K3: =ROUND(RAND()*Inputs!$B$5,0) -> 291 | M3: + | N3: =ROUND(RAND()*Inputs!$B$5,0) -> 296
B6: =ROUND(RAND()*Inputs!$B$5,0) -> 121 | E6: =ROUND(RAND()*Inputs!$B$5,0) -> 210 | H6: =ROUND(RAND()*Inputs!$B$5,0) -> 28 | K6: =ROUND(RAND()*Inputs!$B$5,0) -> 453 | N6: =ROUND(RAND()*Inputs!$B$5,0) -> 405
B7: =ROUND(RAND()*Inputs!$B$5,0) -> 80 | E7: =ROUND(RAND()*Inputs!$B$5,0) -> 221 | H7: =ROUND(RAND()*Inputs!$B$5,0) -> 155 | K7: =ROUND(RAND()*Inputs!$B$5,0) -> 427 | N7: =ROUND(RAND()*Inputs!$B$5,0) -> 175
A8: + | B8: =ROUND(RAND()*Inputs!$B$5,0) -> 328 | D8: + | E8: =ROUND(RAND()*Inputs!$B$5,0) -> 33 | G8: + | H8: =ROUND(RAND()*Inputs!$B$5,0) -> 305 | J8: + | K8: =ROUND(RAND()*Inputs!$B$5,0) -> 357 | M8: + | N8: =ROUND(RAND()*Inputs!$B$5,0) -> 344
B11: =ROUND(RAND()*Inputs!$B$5,0) -> 74 | E11: =ROUND(RAND()*Inputs!$B$5,0) -> 430 | H11: =ROUND(RAND()*Inputs!$B$5,0) -> 417 | K11: =ROUND(RAND()*Inputs!$B$5,0) -> 398 | N11: =ROUND(RAND()*Inputs!$B$5,0) -> 84
B12: =ROUND(RAND()*Inputs!$B$5,0) -> 249 | E12: =ROUND(RAND()*Inputs!$B$5,0) -> 483 | H12: =ROUND(RAND()*Inputs!$B$5,0) -> 318 | K12: =ROUND(RAND()*Inputs!$B$5,0) -> 218 | N12: =ROUND(RAND()*Inputs!$B$5,0) -> 418
A13: + | B13: =ROUND(RAND()*Inputs!$B$5,0) -> 81 | D13: + | E13: =ROUND(RAND()*Inputs!$B$5,0) -> 83 | G13: + | H13: =ROUND(RAND()*Inputs!$B$5,0) -> 169 | J13: + | K13: =ROUND(RAND()*Inputs!$B$5,0) -> 256 | M13: + | N13: =ROUND(RAND()*Inputs!$B$5,0) -> 266
B16: =ROUND(RAND()*Inputs!$B$5,0) -> 403 | E16: =ROUND(RAND()*Inputs!$B$5,0) -> 375 | H16: =ROUND(RAND()*Inputs!$B$5,0) -> 403 | K16: =ROUND(RAND()*Inputs!$B$5,0) -> 456 | N16: =ROUND(RAND()*Inputs!$B$5,0) -> 20
B17: =ROUND(RAND()*Inputs!$B$5,0) -> 408 | E17: =ROUND(RAND()*Inputs!$B$5,0) -> 73 | H17: =ROUND(RAND()*Inputs!$B$5,0) -> 189 | K17: =ROUND(RAND()*Inputs!$B$5,0) -> 336 | N17: =ROUND(RAND()*Inputs!$B$5,0) -> 220
A18: + | B18: =ROUND(RAND()*Inputs!$B$5,0) -> 461 | D18: + | E18: =ROUND(RAND()*Inputs!$B$5,0) -> 476 | G18: + | H18: =ROUND(RAND()*Inputs!$B$5,0) -> 70 | J18: + | K18: =ROUND(RAND()*Inputs!$B$5,0) -> 262 | M18: + | N18: =ROUND(RAND()*Inputs!$B$5,0) -> 92
B21: =ROUND(RAND()*Inputs!$B$5,0) -> 43 | E21: =ROUND(RAND()*Inputs!$B$5,0) -> 216 | H21: =ROUND(RAND()*Inputs!$B$5,0) -> 99 | K21: =ROUND(RAND()*Inputs!$B$5,0) -> 411 | N21: =ROUND(RAND()*Inputs!$B$5,0) -> 108
B22: =ROUND(RAND()*Inputs!$B$5,0) -> 367 | E22: =ROUND(RAND()*Inputs!$B$5,0) -> 256 | H22: =ROUND(RAND()*Inputs!$B$5,0) -> 147 | K22: =ROUND(RAND()*Inputs!$B$5,0) -> 245 | N22: =ROUND(RAND()*Inputs!$B$5,0) -> 356
A23: + | B23: =ROUND(RAND()*Inputs!$B$5,0) -> 344 | D23: + | E23: =ROUND(RAND()*Inputs!$B$5,0) -> 78 | G23: + | H23: =ROUND(RAND()*Inputs!$B$5,0) -> 110 | J23: + | K23: =ROUND(RAND()*Inputs!$B$5,0) -> 168 | M23: + | N23: =ROUND(RAND()*Inputs!$B$5,0) -> 282
B26: =ROUND(RAND()*Inputs!$B$5,0) -> 398 | E26: =ROUND(RAND()*Inputs!$B$5,0) -> 317 | H26: =ROUND(RAND()*Inputs!$B$5,0) -> 336 | K26: =ROUND(RAND()*Inputs!$B$5,0) -> 403 | N26: =ROUND(RAND()*Inputs!$B$5,0) -> 359
B27: =ROUND(RAND()*Inputs!$B$5,0) -> 9 | E27: =ROUND(RAND()*Inputs!$B$5,0) -> 418 | H27: =ROUND(RAND()*Inputs!$B$5,0) -> 461 | K27: =ROUND(RAND()*Inputs!$B$5,0) -> 315 | N27: =ROUND(RAND()*Inputs!$B$5,0) -> 296
A28: + | B28: =ROUND(RAND()*Inputs!$B$5,0) -> 408 | D28: + | E28: =ROUND(RAND()*Inputs!$B$5,0) -> 48 | G28: + | H28: =ROUND(RAND()*Inputs!$B$5,0) -> 302 | J28: + | K28: =ROUND(RAND()*Inputs!$B$5,0) -> 232 | M28: + | N28: =ROUND(RAND()*Inputs!$B$5,0) -> 111

Sheet V-A-Add4
B1: =ROUND(RAND()*Inputs!$B$5,0) -> 493 | E1: =ROUND(RAND()*Inputs!$B$5,0) -> 123 | H1: =ROUND(RAND()*Inputs!$B$5,0) -> 424 | K1: =ROUND(RAND()*Inputs!$B$5,0) -> 108 | N1: =ROUND(RAND()*Inputs!$B$5,0) -> 408
B2: =ROUND(RAND()*Inputs!$B$5,0) -> 395 | E2: =ROUND(RAND()*Inputs!$B$5,0) -> 161 | H2: =ROUND(RAND()*Inputs!$B$5,0) -> 155 | K2: =ROUND(RAND()*Inputs!$B$5,0) -> 426 | N2: =ROUND(RAND()*Inputs!$B$5,0) -> 391
B3: =ROUND(RAND()*Inputs!$B$5,0) -> 230 | E3: =ROUND(RAND()*Inputs!$B$5,0) -> 163 | H3: =ROUND(RAND()*Inputs!$B$5,0) -> 335 | K3: =ROUND(RAND()*Inputs!$B$5,0) -> 320 | N3: =ROUND(RAND()*Inputs!$B$5,0) -> 481
A4: + | B4: =ROUND(RAND()*Inputs!$B$5,0) -> 37 | D4: + | E4: =ROUND(RAND()*Inputs!$B$5,0) -> 437 | G4: + | H4: =ROUND(RAND()*Inputs!$B$5,0) -> 227 | J4: + | K4: =ROUND(RAND()*Inputs!$B$5,0) -> 196 | M4: + | N4: =ROUND(RAND()*Inputs!$B$5,0) -> 375
B7: =ROUND(RAND()*Inputs!$B$5,0) -> 229 | E7: =ROUND(RAND()*Inputs!$B$5,0) -> 1 | H7: =ROUND(RAND()*Inputs!$B$5,0) -> 130 | K7: =ROUND(RAND()*Inputs!$B$5,0) -> 427 | N7: =ROUND(RAND()*Inputs!$B$5,0) -> 42
B8: =ROUND(RAND()*Inputs!$B$5,0) -> 130 | E8: =ROUND(RAND()*Inputs!$B$5,0) -> 51 | H8: =ROUND(RAND()*Inputs!$B$5,0) -> 114 | K8: =ROUND(RAND()*Inputs!$B$5,0) -> 347 | N8: =ROUND(RAND()*Inputs!$B$5,0) -> 283
B9: =ROUND(RAND()*Inputs!$B$5,0) -> 233 | E9: =ROUND(RAND()*Inputs!$B$5,0) -> 259 | H9: =ROUND(RAND()*Inputs!$B$5,0) -> 222 | K9: =ROUND(RAND()*Inputs!$B$5,0) -> 156 | N9: =ROUND(RAND()*Inputs!$B$5,0) -> 124
A10: + | B10: =ROUND(RAND()*Inputs!$B$5,0) -> 49 | D10: + | E10: =ROUND(RAND()*Inputs!$B$5,0) -> 384 | G10: + | H10: =ROUND(RAND()*Inputs!$B$5,0) -> 136 | J10: + | K10: =ROUND(RAND()*Inputs!$B$5,0) -> 498 | M10: + | N10: =ROUND(RAND()*Inputs!$B$5,0) -> 120
B13: =ROUND(RAND()*Inputs!$B$5,0) -> 220 | E13: =ROUND(RAND()*Inputs!$B$5,0) -> 468 | H13: =ROUND(RAND()*Inputs!$B$5,0) -> 131 | K13: =ROUND(RAND()*Inputs!$B$5,0) -> 267 | N13: =ROUND(RAND()*Inputs!$B$5,0) -> 187
B14: =ROUND(RAND()*Inputs!$B$5,0) -> 188 | E14: =ROUND(RAND()*Inputs!$B$5,0) -> 47 | H14: =ROUND(RAND()*Inputs!$B$5,0) -> 394 | K14: =ROUND(RAND()*Inputs!$B$5,0) -> 491 | N14: =ROUND(RAND()*Inputs!$B$5,0) -> 251
B15: =ROUND(RAND()*Inputs!$B$5,0) -> 248 | E15: =ROUND(RAND()*Inputs!$B$5,0) -> 283 | H15: =ROUND(RAND()*Inputs!$B$5,0) -> 451 | K15: =ROUND(RAND()*Inputs!$B$5,0) -> 482 | N15: =ROUND(RAND()*Inputs!$B$5,0) -> 472
A16: + | B16: =ROUND(RAND()*Inputs!$B$5,0) -> 500 | D16: + | E16: =ROUND(RAND()*Inputs!$B$5,0) -> 492 | G16: + | H16: =ROUND(RAND()*Inputs!$B$5,0) -> 37 | J16: + | K16: =ROUND(RAND()*Inputs!$B$5,0) -> 494 | M16: + | N16: =ROUND(RAND()*Inputs!$B$5,0) -> 339
B19: =ROUND(RAND()*Inputs!$B$5,0) -> 56 | E19: =ROUND(RAND()*Inputs!$B$5,0) -> 195 | H19: =ROUND(RAND()*Inputs!$B$5,0) -> 355 | K19: =ROUND(RAND()*Inputs!$B$5,0) -> 146 | N19: =ROUND(RAND()*Inputs!$B$5,0) -> 139
B20: =ROUND(RAND()*Inputs!$B$5,0) -> 15 | E20: =ROUND(RAND()*Inputs!$B$5,0) -> 134 | H20: =ROUND(RAND()*Inputs!$B$5,0) -> 111 | K20: =ROUND(RAND()*Inputs!$B$5,0) -> 109 | N20: =ROUND(RAND()*Inputs!$B$5,0) -> 192
B21: =ROUND(RAND()*Inputs!$B$5,0) -> 199 | E21: =ROUND(RAND()*Inputs!$B$5,0) -> 140 | H21: =ROUND(RAND()*Inputs!$B$5,0) -> 290 | K21: =ROUND(RAND()*Inputs!$B$5,0) -> 150 | N21: =ROUND(RAND()*Inputs!$B$5,0) -> 393
A22: + | B22: =ROUND(RAND()*Inputs!$B$5,0) -> 450 | D22: + | E22: =ROUND(RAND()*Inputs!$B$5,0) -> 47 | G22: + | H22: =ROUND(RAND()*Inputs!$B$5,0) -> 140 | J22: + | K22: =ROUND(RAND()*Inputs!$B$5,0) -> 475 | M22: + | N22: =ROUND(RAND()*Inputs!$B$5,0) -> 103
B25: =ROUND(RAND()*Inputs!$B$5,0) -> 13 | E25: =ROUND(RAND()*Inputs!$B$5,0) -> 29 | H25: =ROUND(RAND()*Inputs!$B$5,0) -> 78 | K25: =ROUND(RAND()*Inputs!$B$5,0) -> 112 | N25: =ROUND(RAND()*Inputs!$B$5,0) -> 395
B26: =ROUND(RAND()*Inputs!$B$5,0) -> 263 | E26: =ROUND(RAND()*Inputs!$B$5,0) -> 305 | H26: =ROUND(RAND()*Inputs!$B$5,0) -> 158 | K26: =ROUND(RAND()*Inputs!$B$5,0) -> 297 | N26: =ROUND(RAND()*Inputs!$B$5,0) -> 18
B27: =ROUND(RAND()*Inputs!$B$5,0) -> 270 | E27: =ROUND(RAND()*Inputs!$B$5,0) -> 320 | H27: =ROUND(RAND()*Inputs!$B$5,0) -> 482 | K27: =ROUND(RAND()*Inputs!$B$5,0) -> 124 | N27: =ROUND(RAND()*Inputs!$B$5,0) -> 357
A28: + | B28: =ROUND(RAND()*Inputs!$B$5,0) -> 290 | D28: + | E28: =ROUND(RAND()*Inputs!$B$5,0) -> 473 | G28: + | H28: =ROUND(RAND()*Inputs!$B$5,0) -> 98 | J28: + | K28: =ROUND(RAND()*Inputs!$B$5,0) -> 277 | M28: + | N28: =ROUND(RAND()*Inputs!$B$5,0) -> 260

Sheet V-A-Mult
B1: =ROUND(RAND()*Inputs!$B$5,0) -> 135 | E1: =ROUND(RAND()*Inputs!$B$5,0) -> 144 | H1: =ROUND(RAND()*Inputs!$B$5,0) -> 45 | K1: =ROUND(RAND()*Inputs!$B$5,0) -> 324 | N1: =ROUND(RAND()*Inputs!$B$5,0) -> 489
A2: x | B2: =ROUND(RAND()*Inputs!$B$5,0) -> 473 | D2: x | E2: =ROUND(RAND()*Inputs!$B$5,0) -> 499 | G2: x | H2: =ROUND(RAND()*Inputs!$B$5,0) -> 415 | J2: x | K2: =ROUND(RAND()*Inputs!$B$5,0) -> 443 | M2: x | N2: =ROUND(RAND()*Inputs!$B$5,0) -> 434
B5: =ROUND(RAND()*Inputs!$B$5,0) -> 378 | E5: =ROUND(RAND()*Inputs!$B$5,0) -> 97 | H5: =ROUND(RAND()*Inputs!$B$5,0) -> 23 | K5: =ROUND(RAND()*Inputs!$B$5,0) -> 71 | N5: =ROUND(RAND()*Inputs!$B$5,0) -> 114
A6: x | B6: =ROUND(RAND()*Inputs!$B$5,0) -> 31 | D6: x | E6: =ROUND(RAND()*Inputs!$B$5,0) -> 150 | G6: x | H6: =ROUND(RAND()*Inputs!$B$5,0) -> 313 | J6: x | K6: =ROUND(RAND()*Inputs!$B$5,0) -> 359 | M6: x | N6: =ROUND(RAND()*Inputs!$B$5,0) -> 434
B9: =ROUND(RAND()*Inputs!$B$5,0) -> 376 | E9: =ROUND(RAND()*Inputs!$B$5,0) -> 402 | H9: =ROUND(RAND()*Inputs!$B$5,0) -> 71 | K9: =ROUND(RAND()*Inputs!$B$5,0) -> 348 | N9: =ROUND(RAND()*Inputs!$B$5,0) -> 157
A10: x | B10: =ROUND(RAND()*Inputs!$B$5,0) -> 217 | D10: x | E10: =ROUND(RAND()*Inputs!$B$5,0) -> 493 | G10: x | H10: =ROUND(RAND()*Inputs!$B$5,0) -> 393 | J10: x | K10: =ROUND(RAND()*Inputs!$B$5,0) -> 162 | M10: x | N10: =ROUND(RAND()*Inputs!$B$5,0) -> 119
B13: =ROUND(RAND()*Inputs!$B$5,0) -> 420 | E13: =ROUND(RAND()*Inputs!$B$5,0) -> 346 | H13: =ROUND(RAND()*Inputs!$B$5,0) -> 217 | K13: =ROUND(RAND()*Inputs!$B$5,0) -> 302 | N13: =ROUND(RAND()*Inputs!$B$5,0) -> 164
A14: x | B14: =ROUND(RAND()*Inputs!$B$5,0) -> 450 | D14: x | E14: =ROUND(RAND()*Inputs!$B$5,0) -> 12 | G14: x | H14: =ROUND(RAND()*Inputs!$B$5,0) -> 48 | J14: x | K14: =ROUND(RAND()*Inputs!$B$5,0) -> 108 | M14: x | N14: =ROUND(RAND()*Inputs!$B$5,0) -> 276
B17: =ROUND(RAND()*Inputs!$B$5,0) -> 30 | E17: =ROUND(RAND()*Inputs!$B$5,0) -> 84 | H17: =ROUND(RAND()*Inputs!$B$5,0) -> 429 | K17: =ROUND(RAND()*Inputs!$B$5,0) -> 144 | N17: =ROUND(RAND()*Inputs!$B$5,0) -> 164
A18: x | B18: =ROUND(RAND()*Inputs!$B$5,0) -> 20 | D18: x | E18: =ROUND(RAND()*Inputs!$B$5,0) -> 305 | G18: x | H18: =ROUND(RAND()*Inputs!$B$5,0) -> 178 | J18: x | K18: =ROUND(RAND()*Inputs!$B$5,0) -> 332 | M18: x | N18: =ROUND(RAND()*Inputs!$B$5,0) -> 480
B21: =ROUND(RAND()*Inputs!$B$5,0) -> 206 | E21: =ROUND(RAND()*Inputs!$B$5,0) -> 3 | H21: =ROUND(RAND()*Inputs!$B$5,0) -> 149 | K21: =ROUND(RAND()*Inputs!$B$5,0) -> 386 | N21: =ROUND(RAND()*Inputs!$B$5,0) -> 358
A22: x | B22: =ROUND(RAND()*Inputs!$B$5,0) -> 405 | D22: x | E22: =ROUND(RAND()*Inputs!$B$5,0) -> 164 | G22: x | H22: =ROUND(RAND()*Inputs!$B$5,0) -> 203 | J22: x | K22: =ROUND(RAND()*Inputs!$B$5,0) -> 270 | M22: x | N22: =ROUND(RAND()*Inputs!$B$5,0) -> 300
B25: =ROUND(RAND()*Inputs!$B$5,0) -> 136 | E25: =ROUND(RAND()*Inputs!$B$5,0) -> 408 | H25: =ROUND(RAND()*Inputs!$B$5,0) -> 215 | K25: =ROUND(RAND()*Inputs!$B$5,0) -> 382 | N25: =ROUND(RAND()*Inputs!$B$5,0) -> 292
A26: x | B26: =ROUND(RAND()*Inputs!$B$5,0) -> 370 | D26: x | E26: =ROUND(RAND()*Inputs!$B$5,0) -> 297 | G26: x | H26: =ROUND(RAND()*Inputs!$B$5,0) -> 82 | J26: x | K26: =ROUND(RAND()*Inputs!$B$5,0) -> 452 | M26: x | N26: =ROUND(RAND()*Inputs!$B$5,0) -> 162
B29: =ROUND(RAND()*Inputs!$B$5,0) -> 305 | E29: =ROUND(RAND()*Inputs!$B$5,0) -> 496 | H29: =ROUND(RAND()*Inputs!$B$5,0) -> 177 | K29: =ROUND(RAND()*Inputs!$B$5,0) -> 336 | N29: =ROUND(RAND()*Inputs!$B$5,0) -> 169
A30: x | B30: =ROUND(RAND()*Inputs!$B$5,0) -> 489 | D30: x | E30: =ROUND(RAND()*Inputs!$B$5,0) -> 189 | G30: x | H30: =ROUND(RAND()*Inputs!$B$5,0) -> 193 | J30: x | K30: =ROUND(RAND()*Inputs!$B$5,0) -> 366 | M30: x | N30: =ROUND(RAND()*Inputs!$B$5,0) -> 28

Sheet V-A-Div
B2: =ROUND(RAND()*Inputs!$B$5,0) -> 105 | E2: =ROUND(RAND()*Inputs!$B$5,0) -> 422 | H2: =ROUND(RAND()*Inputs!$B$5,0) -> 413
A3: =ROUND(RAND()*Inputs!$B$4,0) -> 7 | B3: =B2*A3 -> 735 | D3: =ROUND(RAND()*Inputs!$B$4,0) -> 4 | E3: =E2*D3 -> 1688 | G3: =ROUND(RAND()*Inputs!$B$4,0) -> 10 | H3: =H2*G3 -> 4130
B9: =ROUND(RAND()*Inputs!$B$5,0) -> 321 | E9: =ROUND(RAND()*Inputs!$B$5,0) -> 142 | H9: =ROUND(RAND()*Inputs!$B$5,0) -> 94
A10: =ROUND(RAND()*Inputs!$B$4,0) -> 10 | B10: =B9*A10 -> 3210 | D10: =ROUND(RAND()*Inputs!$B$4,0) -> 4 | E10: =E9*D10 -> 568 | G10: =ROUND(RAND()*Inputs!$B$4,0) -> 7 | H10: =H9*G10 -> 658
B16: =ROUND(RAND()*Inputs!$B$5,0) -> 208 | E16: =ROUND(RAND()*Inputs!$B$5,0) -> 239 | H16: =ROUND(RAND()*Inputs!$B$5,0) -> 383
A17: =ROUND(RAND()*Inputs!$B$4,0) -> 8 | B17: =B16*A17 -> 1664 | D17: =ROUND(RAND()*Inputs!$B$4,0) -> 10 | E17: =E16*D17 -> 2390 | G17: =ROUND(RAND()*Inputs!$B$4,0) -> 3 | H17: =H16*G17 -> 1149
B23: =ROUND(RAND()*Inputs!$B$5,0) -> 403 | E23: =ROUND(RAND()*Inputs!$B$5,0) -> 157 | H23: =ROUND(RAND()*Inputs!$B$5,0) -> 258
A24: =ROUND(RAND()*Inputs!$B$4,0) -> 6 | B24: =B23*A24 -> 2418 | D24: =ROUND(RAND()*Inputs!$B$4,0) -> 3 | E24: =E23*D24 -> 471 | G24: =ROUND(RAND()*Inputs!$B$4,0) -> 3 | H24: =H23*G24 -> 774
